日付,チェーン,日次発行額 (億円),日次償還額 (億円),日次純増額 (億円),累積発行額 (億円),累積償還額 (億円),累積流通額 (億円),日次新規ユーザー (チェーン別),累積ユーザー数 (チェーン別),総累積ユニークユーザー数
2026-07-06,Avalanche,0.0136,0,0.0136,2.74,0,2.74,5,72777,142019
2026-07-06,Ethereum,0.0829,0,0.0829,7.28,0,7.28,8,3373,142019
2026-07-06,Polygon,0.2806,0,0.2806,28.12,0,28.12,62,83317,142019
2026-07-05,Avalanche,0.0118,0,0.0118,2.72,0,2.72,7,72772,141949
2026-07-05,Ethereum,0.0907,0,0.0907,7.2,0,7.2,8,3365,141949
2026-07-05,Polygon,0.1192,0,0.1192,27.84,0,27.84,39,83255,141949
2026-07-04,Avalanche,0.0157,0,0.0157,2.71,0,2.71,8,72765,141901
2026-07-04,Ethereum,0.0649,0,0.0649,7.11,0,7.11,13,3357,141901
2026-07-04,Polygon,0.1597,0,0.1597,27.72,0,27.72,51,83216,141901
2026-07-03,Avalanche,0.0176,0,0.0176,2.7,0,2.7,4,72757,141835
2026-07-03,Ethereum,0.0197,0,0.0197,7.04,0,7.04,15,3344,141835
2026-07-03,Polygon,0.206,0,0.206,27.56,0,27.56,62,83165,141835
2026-07-02,Avalanche,0.0254,0,0.0254,2.68,0,2.68,6,72753,141766
2026-07-02,Ethereum,0.0759,0,0.0759,7.02,0,7.02,19,3329,141766
2026-07-02,Polygon,0.2331,0,0.2331,27.36,0,27.36,40,83103,141766
2026-07-01,Avalanche,0.0175,0,0.0175,2.65,0,2.65,7,72747,141712
2026-07-01,Ethereum,0.0374,0,0.0374,6.95,0,6.95,9,3310,141712
2026-07-01,Polygon,0.2671,0,0.2671,27.12,0,27.12,135,83063,141712
2026-06-30,Avalanche,0.0054,0,0.0054,2.64,0,2.64,8,72740,141572
2026-06-30,Ethereum,0.0447,0,0.0447,6.91,0,6.91,16,3301,141572
2026-06-30,Polygon,0.1992,0,0.1992,26.86,0,26.86,58,82928,141572
2026-06-29,Avalanche,0.0314,0,0.0314,2.63,0,2.63,3,72732,141502
2026-06-29,Ethereum,0.0515,0,0.0515,6.86,0,6.86,15,3285,141502
2026-06-29,Polygon,0.1136,0,0.1136,26.66,0,26.66,57,82870,141502
2026-06-28,Avalanche,0.0138,0,0.0138,2.6,0,2.6,4,72729,141436
2026-06-28,Ethereum,0.0239,0,0.0239,6.81,0,6.81,6,3270,141436
2026-06-28,Polygon,0.0804,0,0.0804,26.54,0,26.54,49,82813,141436
2026-06-27,Avalanche,0.0102,0,0.0102,2.59,0,2.59,3,72725,141383
2026-06-27,Ethereum,0.1018,0,0.1018,6.79,0,6.79,9,3264,141383
2026-06-27,Polygon,0.0646,0,0.0646,26.46,0,26.46,57,82764,141383
2026-06-26,Avalanche,0.0423,0,0.0423,2.58,0,2.58,7,72722,141316
2026-06-26,Ethereum,0.0518,0,0.0518,6.69,0,6.69,16,3255,141316
2026-06-26,Polygon,0.1294,0,0.1294,26.4,0,26.4,46,82707,141316
2026-06-25,Avalanche,0.0054,0,0.0054,2.53,0,2.53,6,72715,141251
2026-06-25,Ethereum,0.0587,0,0.0587,6.63,0,6.63,11,3239,141251
2026-06-25,Polygon,0.1246,0,0.1246,26.27,0,26.27,61,82661,141251
2026-06-24,Avalanche,0.0014,0,0.0014,2.53,0,2.53,3,72709,141182
2026-06-24,Ethereum,0.0905,0,0.0905,6.58,0,6.58,16,3228,141182
2026-06-24,Polygon,0.1753,0,0.1753,26.14,0,26.14,141,82600,141182
2026-06-23,Avalanche,0.0004,0,0.0004,2.53,0,2.53,4,72706,141032
2026-06-23,Ethereum,0.0577,0,0.0577,6.48,0,6.48,16,3212,141032
2026-06-23,Polygon,0.1819,0,0.1819,25.97,0,25.97,39,82459,141032
2026-06-22,Avalanche,0.0024,0,0.0024,2.53,0,2.53,8,72702,140978
2026-06-22,Ethereum,0.0154,0,0.0154,6.43,0,6.43,9,3196,140978
2026-06-22,Polygon,0.1269,0,0.1269,25.79,0,25.79,58,82420,140978
2026-06-21,Avalanche,0.0012,0,0.0012,2.52,0,2.52,3,72694,140910
2026-06-21,Ethereum,0.0093,0,0.0093,6.41,0,6.41,22,3187,140910
2026-06-21,Polygon,0.0968,0,0.0968,25.66,0,25.66,38,82362,140910
2026-06-20,Avalanche,0.0009,0,0.0009,2.52,0,2.52,1,72691,140858
2026-06-20,Ethereum,0.0232,0,0.0232,6.4,0,6.4,20,3165,140858
2026-06-20,Polygon,0.0745,0,0.0745,25.56,0,25.56,46,82324,140858
2026-06-19,Avalanche,0.0014,0,0.0014,2.52,0,2.52,5,72690,140793
2026-06-19,Ethereum,0.0585,0,0.0585,6.38,0,6.38,14,3145,140793
2026-06-19,Polygon,0.1817,0,0.1817,25.49,0,25.49,69,82278,140793
2026-06-18,Avalanche,0.0174,0,0.0174,2.52,0,2.52,6,72685,140714
2026-06-18,Ethereum,0.0311,0,0.0311,6.32,0,6.32,11,3131,140714
2026-06-18,Polygon,0.15,0,0.15,25.31,0,25.31,33,82209,140714
2026-06-17,Avalanche,0.0016,0,0.0016,2.5,0,2.5,2,72679,140671
2026-06-17,Ethereum,0.0281,0,0.0281,6.29,0,6.29,11,3120,140671
2026-06-17,Polygon,0.1428,0,0.1428,25.16,0,25.16,112,82176,140671
2026-06-16,Avalanche,0.0042,0,0.0042,2.5,0,2.5,3,72677,140554
2026-06-16,Ethereum,0.0342,0,0.0342,6.26,0,6.26,12,3109,140554
2026-06-16,Polygon,0.1184,0,0.1184,25.01,0,25.01,49,82064,140554
2026-06-15,Avalanche,0.0162,0,0.0162,2.5,0,2.5,5,72674,140498
2026-06-15,Ethereum,0.0658,0,0.0658,6.23,0,6.23,16,3097,140498
2026-06-15,Polygon,0.2111,0,0.2111,24.9,0,24.9,54,82015,140498
2026-06-14,Avalanche,0.0013,0,0.0013,2.48,0,2.48,7,72669,140432
2026-06-14,Ethereum,0.0355,0,0.0355,6.16,0,6.16,12,3081,140432
2026-06-14,Polygon,0.0833,0,0.0833,24.69,0,24.68,39,81961,140432
2026-06-13,Avalanche,0.0014,0,0.0014,2.48,0,2.48,6,72662,140387
2026-06-13,Ethereum,0.0112,0,0.0112,6.13,0,6.13,6,3069,140387
2026-06-13,Polygon,0.0585,0,0.0585,24.6,0,24.6,40,81922,140387
2026-06-12,Avalanche,0.0006,0,0.0006,2.48,0,2.48,24,72656,140342
2026-06-12,Ethereum,0.0157,0,0.0157,6.11,0,6.11,12,3063,140342
2026-06-12,Polygon,0.1509,0,0.1509,24.54,0,24.54,47,81882,140342
2026-06-11,Avalanche,0.0154,0,0.0154,2.48,0,2.48,4,72632,140278
2026-06-11,Ethereum,0.0474,0,0.0474,6.1,0,6.1,5,3051,140278
2026-06-11,Polygon,0.1376,0,0.1376,24.39,0,24.39,51,81835,140278
2026-06-10,Avalanche,0.01,0,0.01,2.46,0,2.46,4,72628,140228
2026-06-10,Ethereum,0.0479,0,0.0479,6.05,0,6.05,9,3046,140228
2026-06-10,Polygon,0.2085,0,0.2085,24.25,0,24.25,1337,81784,140228
2026-06-09,Avalanche,0.0202,0,0.0202,2.45,0,2.45,3,72624,140056
2026-06-09,Ethereum,0.0317,0,0.0317,6,0,6,17,3037,140056
2026-06-09,Polygon,0.1407,0,0.1407,24.05,0,24.05,54,80447,140056
2026-06-08,Avalanche,0.0241,0,0.0241,2.43,0,2.43,7,72621,139987
2026-06-08,Ethereum,0.0288,0,0.0288,5.97,0,5.97,23,3020,139987
2026-06-08,Polygon,0.1333,0,0.1333,23.91,0,23.91,82,80393,139987
2026-06-07,Avalanche,0.0003,0,0.0003,2.41,0,2.41,3,72614,139879
2026-06-07,Ethereum,0.0496,0,0.0496,5.94,0,5.94,7,2997,139879
2026-06-07,Polygon,0.0953,0,0.0953,23.77,0,23.77,50,80311,139879
2026-06-06,Avalanche,0.0001,0,0.0001,2.41,0,2.41,2,72611,139821
2026-06-06,Ethereum,0.0504,0,0.0504,5.89,0,5.89,6,2990,139821
2026-06-06,Polygon,0.1435,0,0.1435,23.68,0,23.68,45,80261,139821
2026-06-05,Avalanche,0.0087,0,0.0087,2.41,0,2.41,5,72609,139771
2026-06-05,Ethereum,0.0514,0,0.0514,5.84,0,5.84,11,2984,139771
2026-06-05,Polygon,0.1996,0,0.1996,23.53,0,23.53,71,80216,139771
2026-06-04,Avalanche,0.0013,0,0.0013,2.4,0,2.4,9,72604,139687
2026-06-04,Ethereum,0.0249,0,0.0249,5.79,0,5.79,16,2973,139687
2026-06-04,Polygon,0.2094,0,0.2094,23.33,0,23.33,95,80145,139687
2026-06-03,Avalanche,0.0157,0,0.0157,2.4,0,2.4,2,72595,139579
2026-06-03,Ethereum,0.0558,0,0.0558,5.77,0,5.77,21,2957,139579
2026-06-03,Polygon,0.3164,0,0.3164,23.12,0,23.12,153,80050,139579
2026-06-02,Avalanche,0.0035,0,0.0035,2.38,0,2.38,5,72593,139424
2026-06-02,Ethereum,0.0457,0,0.0457,5.71,0,5.71,15,2936,139424
2026-06-02,Polygon,0.1756,0,0.1756,22.81,0,22.81,139,79897,139424
2026-06-01,Avalanche,0.0054,0,0.0054,2.38,0,2.38,10,72588,139276
2026-06-01,Ethereum,0.0836,0,0.0836,5.67,0,5.67,10,2921,139276
2026-06-01,Polygon,0.1216,0,0.1216,22.63,0,22.63,116,79758,139276
2026-05-31,Avalanche,0.0018,0,0.0018,2.37,0,2.37,4,72578,139151
2026-05-31,Ethereum,0.0542,0,0.0542,5.58,0,5.58,13,2911,139151
2026-05-31,Polygon,0.1531,0,0.1531,22.51,0,22.51,42,79642,139151
2026-05-30,Avalanche,0.0054,0,0.0054,2.37,0,2.37,2,72574,139097
2026-05-30,Ethereum,0.0043,0,0.0043,5.53,0,5.53,11,2898,139097
2026-05-30,Polygon,0.1797,0,0.1797,22.36,0,22.36,37,79600,139097
2026-05-29,Avalanche,0.0012,0,0.0012,2.37,0,2.37,2,72572,139050
2026-05-29,Ethereum,0.0365,0,0.0365,5.52,0,5.52,12,2887,139050
2026-05-29,Polygon,0.2509,0,0.2509,22.18,0,22.18,64,79563,139050
2026-05-28,Avalanche,0.0013,0,0.0013,2.36,0,2.36,5,72570,138981
2026-05-28,Ethereum,0.0428,0,0.0428,5.49,0,5.49,20,2875,138981
2026-05-28,Polygon,0.2533,0,0.2533,21.93,0,21.93,66,79499,138981
2026-05-27,Avalanche,0.0035,0,0.0035,2.36,0,2.36,6,72565,138902
2026-05-27,Ethereum,0.0235,0,0.0235,5.44,0,5.44,17,2855,138902
2026-05-27,Polygon,0.2324,0,0.2324,21.67,0,21.67,122,79433,138902
2026-05-26,Avalanche,0.0019,0,0.0019,2.36,0,2.36,7,72559,138767
2026-05-26,Ethereum,0.0429,0,0.0429,5.42,0,5.42,13,2838,138767
2026-05-26,Polygon,0.2912,0,0.2912,21.44,0,21.44,51,79311,138767
2026-05-25,Avalanche,0.01,0,0.01,2.36,0,2.36,9,72552,138703
2026-05-25,Ethereum,0.0617,0,0.0617,5.38,0,5.38,26,2825,138703
2026-05-25,Polygon,0.2214,0,0.2214,21.15,0,21.15,57,79260,138703
2026-05-24,Avalanche,0.012,0,0.012,2.35,0,2.35,6,72543,138624
2026-05-24,Ethereum,0.0514,0,0.0514,5.32,0,5.32,16,2799,138624
2026-05-24,Polygon,0.1132,0,0.1132,20.93,0,20.93,45,79203,138624
2026-05-23,Avalanche,0.0073,0,0.0073,2.34,0,2.34,3,72537,138562
2026-05-23,Ethereum,0.0449,0,0.0449,5.26,0,5.26,10,2783,138562
2026-05-23,Polygon,0.0377,0,0.0377,20.82,0,20.82,43,79158,138562
2026-05-22,Avalanche,0.0014,0,0.0014,2.33,0,2.33,6,72534,138508
2026-05-22,Ethereum,0.0437,0,0.0437,5.22,0,5.22,22,2773,138508
2026-05-22,Polygon,0.1808,0,0.1808,20.78,0,20.78,83,79115,138508
2026-05-21,Avalanche,0.0089,0,0.0089,2.33,0,2.33,2,72528,138405
2026-05-21,Ethereum,0.148,0,0.148,5.18,0,5.18,17,2751,138405
2026-05-21,Polygon,0.2989,0,0.2989,20.6,0,20.6,45,79032,138405
2026-05-20,Avalanche,0.0021,0,0.0021,2.32,0,2.32,6,72526,138349
2026-05-20,Ethereum,0.0873,0,0.0873,5.03,0,5.03,22,2734,138349
2026-05-20,Polygon,0.1524,0,0.1524,20.3,0,20.3,110,78987,138349
2026-05-19,Avalanche,0.0139,0,0.0139,2.32,0,2.32,5,72520,138233
2026-05-19,Ethereum,0.0463,0,0.0463,4.94,0,4.94,11,2712,138233
2026-05-19,Polygon,0.1483,0,0.1483,20.15,0,20.15,48,78877,138233
2026-05-18,Avalanche,0.0022,0,0.0022,2.3,0,2.3,12,72515,138174
2026-05-18,Ethereum,0.0762,0,0.0762,4.89,0,4.89,9,2701,138174
2026-05-18,Polygon,0.1361,0,0.1361,20,0,20,32,78829,138174
2026-05-17,Avalanche,0.0206,0,0.0206,2.3,0,2.3,5,72503,138134
2026-05-17,Ethereum,0.0204,0,0.0204,4.82,0,4.82,6,2692,138134
2026-05-17,Polygon,0.0682,0,0.0682,19.86,0,19.86,30,78797,138134
2026-05-16,Avalanche,0.0001,0,0.0001,2.28,0,2.28,7,72498,138096
2026-05-16,Ethereum,0.0444,0,0.0444,4.8,0,4.8,17,2686,138096
2026-05-16,Polygon,0.1208,0,0.1208,19.79,0,19.79,35,78767,138096
2026-05-15,Avalanche,0.0049,0,0.0049,2.28,0,2.28,9,72491,138049
2026-05-15,Ethereum,0.0634,0,0.0634,4.75,0,4.75,7,2669,138049
2026-05-15,Polygon,0.1888,0,0.1888,19.67,0,19.67,42,78732,138049
2026-05-14,Avalanche,0.0016,0,0.0016,2.27,0,2.27,7,72482,137996
2026-05-14,Ethereum,0.1375,0,0.1375,4.69,0,4.69,15,2662,137996
2026-05-14,Polygon,0.1768,0,0.1768,19.48,0,19.48,42,78690,137996
2026-05-13,Avalanche,0.0057,0,0.0057,2.27,0,2.27,7,72475,137941
2026-05-13,Ethereum,0.0321,0,0.0321,4.55,0,4.55,10,2647,137941
2026-05-13,Polygon,0.1169,0,0.1169,19.31,0,19.31,122,78648,137941
2026-05-12,Avalanche,0.0156,0,0.0156,2.27,0,2.27,7,72468,137808
2026-05-12,Ethereum,0.1084,0,0.1084,4.52,0,4.52,13,2637,137808
2026-05-12,Polygon,0.1528,0,0.1528,19.19,0,19.19,60,78526,137808
2026-05-11,Avalanche,0.01,0,0.01,2.25,0,2.25,2,72461,137738
2026-05-11,Ethereum,0.0765,0,0.0765,4.41,0,4.41,23,2624,137738
2026-05-11,Polygon,0.1262,0,0.1262,19.04,0,19.04,47,78466,137738
2026-05-10,Avalanche,0.0063,0,0.0063,2.24,0,2.24,4,72459,137671
2026-05-10,Ethereum,0.0274,0,0.0274,4.34,0,4.34,6,2601,137671
2026-05-10,Polygon,0.0833,0,0.0833,18.91,0,18.91,33,78419,137671
2026-05-09,Avalanche,0.0069,0,0.0069,2.24,0,2.24,6,72455,137638
2026-05-09,Ethereum,0.0366,0,0.0366,4.31,0,4.31,43,2595,137638
2026-05-09,Polygon,0.1136,0,0.1136,18.83,0,18.83,61,78386,137638
2026-05-08,Avalanche,0.0373,0,0.0373,2.23,0,2.23,7,72449,137549
2026-05-08,Ethereum,0.0248,0,0.0248,4.27,0,4.27,7,2552,137549
2026-05-08,Polygon,0.1487,0,0.1487,18.71,0,18.71,129,78325,137549
2026-05-07,Avalanche,0.008,0,0.008,2.19,0,2.19,3,72442,137419
2026-05-07,Ethereum,0.0422,0,0.0422,4.25,0,4.25,24,2545,137419
2026-05-07,Polygon,0.1815,0,0.1815,18.56,0,18.56,68,78196,137419
2026-05-06,Avalanche,0.0043,0,0.0043,2.18,0,2.18,5,72439,137337
2026-05-06,Ethereum,0.0156,0,0.0156,4.2,0,4.2,8,2521,137337
2026-05-06,Polygon,0.0971,0,0.0971,18.38,0,18.38,69,78128,137337
2026-05-05,Avalanche,0.0008,0,0.0008,2.18,0,2.18,4,72434,137261
2026-05-05,Ethereum,0.0502,0,0.0502,4.19,0,4.19,12,2513,137261
2026-05-05,Polygon,0.0475,0,0.0475,18.29,0,18.29,76,78059,137261
2026-05-04,Avalanche,0.0146,0,0.0146,2.18,0,2.18,5,72430,137172
2026-05-04,Ethereum,0.0402,0,0.0402,4.14,0,4.14,14,2501,137172
2026-05-04,Polygon,0.066,0,0.066,18.24,0,18.24,70,77983,137172
2026-05-03,Avalanche,0.011,0,0.011,2.16,0,2.16,4,72425,137087
2026-05-03,Ethereum,0.0065,0,0.0065,4.1,0,4.1,16,2487,137087
2026-05-03,Polygon,0.0642,0,0.0642,18.17,0,18.17,61,77913,137087
2026-05-02,Avalanche,0.0019,0,0.0019,2.15,0,2.15,1,72421,137013
2026-05-02,Ethereum,0.0121,0,0.0121,4.09,0,4.09,18,2471,137013
2026-05-02,Polygon,0.1162,0,0.1162,18.11,0,18.11,67,77852,137013
2026-05-01,Avalanche,0.0197,0,0.0197,2.15,0,2.15,1,72420,136930
2026-05-01,Ethereum,0.047,0,0.047,4.08,0,4.08,12,2453,136930
2026-05-01,Polygon,0.2857,0,0.2857,17.99,0,17.99,117,77785,136930
2026-04-30,Avalanche,0.0184,0,0.0184,2.13,0,2.13,2,72419,136809
2026-04-30,Ethereum,0.0595,0,0.0595,4.03,0,4.03,17,2441,136809
2026-04-30,Polygon,0.2305,0,0.2305,17.71,0,17.71,116,77668,136809
2026-04-29,Avalanche,0.007,0,0.007,2.11,0,2.11,8,72417,136684
2026-04-29,Ethereum,0.0361,0,0.0361,3.97,0,3.97,16,2424,136684
2026-04-29,Polygon,0.0942,0,0.0942,17.48,0,17.48,99,77552,136684
2026-04-28,Avalanche,0.003,0,0.003,2.11,0,2.11,1,72409,136567
2026-04-28,Ethereum,0.0409,0,0.0409,3.94,0,3.94,7,2408,136567
2026-04-28,Polygon,0.1099,0,0.1099,17.38,0,17.38,149,77453,136567
2026-04-27,Avalanche,0.0114,0,0.0114,2.1,0,2.1,6,72408,136426
2026-04-27,Ethereum,0.0687,0,0.0687,3.9,0,3.9,14,2401,136426
2026-04-27,Polygon,0.0989,0,0.0989,17.27,0,17.27,95,77304,136426
2026-04-26,Avalanche,0.0059,0,0.0059,2.09,0,2.09,3,72402,136316
2026-04-26,Ethereum,0.0123,0,0.0123,3.83,0,3.83,13,2387,136316
2026-04-26,Polygon,0.1387,0,0.1387,17.17,0,17.17,104,77209,136316
2026-04-25,Avalanche,0.0026,0,0.0026,2.09,0,2.09,4,72399,136201
2026-04-25,Ethereum,0.0206,0,0.0206,3.82,0,3.82,10,2374,136201
2026-04-25,Polygon,0.1025,0,0.1025,17.03,0,17.03,190,77105,136201
2026-04-24,Avalanche,0.0124,0,0.0124,2.08,0,2.08,5,72395,136002
2026-04-24,Ethereum,0.0336,0,0.0336,3.79,0,3.79,22,2364,136002
2026-04-24,Polygon,0.1205,0,0.1205,16.93,0,16.93,145,76915,136002
2026-04-23,Avalanche,0.0083,0,0.0083,2.07,0,2.07,5,72390,135837
2026-04-23,Ethereum,0.0222,0,0.0222,3.76,0,3.76,10,2342,135837
2026-04-23,Polygon,0.135,0,0.135,16.81,0,16.81,111,76770,135837
2026-04-22,Avalanche,0.0149,0,0.0149,2.06,0,2.06,10,72385,135714
2026-04-22,Ethereum,0.0292,0,0.0292,3.74,0,3.74,22,2332,135714
2026-04-22,Polygon,0.1138,0,0.1138,16.68,0,16.68,163,76659,135714
2026-04-21,Avalanche,0.0234,0,0.0234,2.05,0,2.05,6,72375,135549
2026-04-21,Ethereum,0.0231,0,0.0231,3.71,0,3.71,17,2310,135549
2026-04-21,Polygon,0.1128,0,0.1128,16.56,0,16.56,105,76496,135549
2026-04-20,Avalanche,0.0024,0,0.0024,2.02,0,2.02,10,72369,135428
2026-04-20,Ethereum,0.0651,0,0.0651,3.69,0,3.69,23,2293,135428
2026-04-20,Polygon,0.1165,0,0.1165,16.45,0,16.45,163,76391,135428
2026-04-19,Avalanche,0.0159,0,0.0159,2.02,0,2.02,8,72359,135247
2026-04-19,Ethereum,0.0223,0,0.0223,3.62,0,3.62,15,2270,135247
2026-04-19,Polygon,0.1071,0,0.1071,16.33,0,16.33,101,76228,135247
2026-04-18,Avalanche,0.0011,0,0.0011,2.01,0,2.01,0,72351,135134
2026-04-18,Ethereum,0.0142,0,0.0142,3.6,0,3.6,18,2255,135134
2026-04-18,Polygon,0.0735,0,0.0735,16.23,0,16.23,143,76127,135134
2026-04-17,Avalanche,0.0008,0,0.0008,2,0,2,8,72351,134986
2026-04-17,Ethereum,0.0425,0,0.0425,3.59,0,3.59,12,2237,134986
2026-04-17,Polygon,0.1239,0,0.1239,16.15,0,16.15,180,75984,134986
2026-04-16,Avalanche,0.0152,0,0.0152,2,0,2,6,72343,134798
2026-04-16,Ethereum,0.0268,0,0.0268,3.54,0,3.54,18,2225,134798
2026-04-16,Polygon,0.1452,0,0.1452,16.03,0,16.03,140,75804,134798
2026-04-15,Avalanche,0.0068,0,0.0068,1.99,0,1.99,4,72337,134639
2026-04-15,Ethereum,0.0277,0,0.0277,3.52,0,3.52,11,2207,134639
2026-04-15,Polygon,0.0988,0,0.0988,15.88,0,15.88,205,75664,134639
2026-04-14,Avalanche,0.0004,0,0.0004,1.98,0,1.98,4,72333,134476
2026-04-14,Ethereum,0.0254,0,0.0254,3.49,0,3.49,41,2196,134476
2026-04-14,Polygon,0.1478,0,0.1478,15.78,0,15.78,131,75459,134476
2026-04-13,Avalanche,0.0072,0,0.0072,1.98,0,1.98,20,72329,134311
2026-04-13,Ethereum,0.0401,0,0.0401,3.46,0,3.46,20,2155,134311
2026-04-13,Polygon,0.1338,0,0.1338,15.64,0,15.64,125,75328,134311
2026-04-12,Avalanche,0.0011,0,0.0011,1.97,0,1.97,6,72309,134160
2026-04-12,Ethereum,0.033,0,0.033,3.42,0,3.42,22,2135,134160
2026-04-12,Polygon,0.0719,0,0.0719,15.5,0,15.5,101,75203,134160
2026-04-11,Avalanche,0.0122,0,0.0122,1.97,0,1.97,12,72303,134042
2026-04-11,Ethereum,0.0096,0,0.0096,3.39,0,3.39,15,2113,134042
2026-04-11,Polygon,0.0887,0,0.0887,15.43,0,15.43,118,75102,134042
2026-04-10,Avalanche,0.0048,0,0.0048,1.96,0,1.96,9,72291,133905
2026-04-10,Ethereum,0.041,0,0.041,3.38,0,3.38,11,2098,133905
2026-04-10,Polygon,0.1073,0,0.1073,15.34,0,15.34,105,74984,133905
2026-04-09,Avalanche,0.0094,0,0.0094,1.96,0,1.96,7,72282,133787
2026-04-09,Ethereum,0.0658,0,0.0658,3.34,0,3.34,26,2087,133787
2026-04-09,Polygon,0.1136,0,0.1136,15.24,0,15.24,108,74879,133787
2026-04-08,Avalanche,0.0016,0,0.0016,1.95,0,1.95,6,72275,133656
2026-04-08,Ethereum,0.057,0,0.057,3.27,0,3.27,39,2061,133656
2026-04-08,Polygon,0.1415,0,0.1415,15.12,0,15.12,910,74771,133656
2026-04-07,Avalanche,0.0137,0,0.0137,1.94,0,1.94,6,72269,133482
2026-04-07,Ethereum,0.0457,0,0.0457,3.22,0,3.22,14,2022,133482
2026-04-07,Polygon,0.079,0,0.079,14.98,0,14.98,126,73861,133482
2026-04-06,Avalanche,0.013,0,0.013,1.93,0,1.93,15,72263,133345
2026-04-06,Ethereum,0.0056,0,0.0056,3.17,0,3.17,24,2008,133345
2026-04-06,Polygon,0.1065,0,0.1065,14.9,0,14.9,114,73735,133345
2026-04-05,Avalanche,0.0036,0,0.0036,1.92,0,1.92,8,72248,133214
2026-04-05,Ethereum,0.0111,0,0.0111,3.17,0,3.17,19,1984,133214
2026-04-05,Polygon,0.1056,0,0.1056,14.79,0,14.79,94,73621,133214
2026-04-04,Avalanche,0.0041,0,0.0041,1.91,0,1.91,7,72240,133098
2026-04-04,Ethereum,0.0087,0,0.0087,3.15,0,3.15,10,1965,133098
2026-04-04,Polygon,0.0975,0,0.0975,14.69,0,14.69,89,73527,133098
2026-04-03,Avalanche,0.0199,0,0.0199,1.91,0,1.91,5,72233,133003
2026-04-03,Ethereum,0.0191,0,0.0191,3.15,0,3.15,16,1955,133003
2026-04-03,Polygon,0.1169,0,0.1169,14.59,0,14.59,102,73438,133003
2026-04-02,Avalanche,0.0149,0,0.0149,1.89,0,1.89,4,72228,132882
2026-04-02,Ethereum,0.0529,0,0.0529,3.13,0,3.13,10,1939,132882
2026-04-02,Polygon,0.1573,0,0.1573,14.47,0,14.47,105,73336,132882
2026-04-01,Avalanche,0.01,0,0.01,1.88,0,1.88,4,72224,132773
2026-04-01,Ethereum,0.0344,0,0.0344,3.07,0,3.07,14,1929,132773
2026-04-01,Polygon,0.1787,0,0.1787,14.32,0,14.32,101,73231,132773
2026-03-31,Avalanche,0.0136,0,0.0136,1.87,0,1.87,8,72220,132661
2026-03-31,Ethereum,0.0295,0,0.0295,3.04,0,3.04,16,1915,132661
2026-03-31,Polygon,0.168,0,0.168,14.14,0,14.14,137,73130,132661
2026-03-30,Avalanche,0.012,0,0.012,1.85,0,1.85,5,72212,132513
2026-03-30,Ethereum,0.0299,0,0.0299,3.01,0,3.01,8,1899,132513
2026-03-30,Polygon,0.1097,0,0.1097,13.97,0,13.97,104,72993,132513
2026-03-29,Avalanche,0.002,0,0.002,1.84,0,1.84,7,72207,132401
2026-03-29,Ethereum,0.0105,0,0.0105,2.98,0,2.98,16,1891,132401
2026-03-29,Polygon,0.0762,0,0.0762,13.86,0,13.86,128,72889,132401
2026-03-28,Avalanche,0.0114,0,0.0114,1.84,0,1.84,5,72200,132265
2026-03-28,Ethereum,0.0156,0,0.0156,2.97,0,2.97,5,1875,132265
2026-03-28,Polygon,0.0991,0,0.0991,13.78,0,13.78,116,72761,132265
2026-03-27,Avalanche,0.0005,0,0.0005,1.83,0,1.83,1,72195,132144
2026-03-27,Ethereum,0.031,0,0.031,2.95,0,2.95,15,1870,132144
2026-03-27,Polygon,0.0787,0,0.0787,13.69,0,13.69,117,72645,132144
2026-03-26,Avalanche,0.0042,0,0.0042,1.83,0,1.83,9,72194,132016
2026-03-26,Ethereum,0.0273,0,0.0273,2.92,0,2.92,13,1855,132016
2026-03-26,Polygon,0.1127,0,0.1127,13.61,0,13.61,102,72528,132016
2026-03-25,Avalanche,0.0048,0,0.0048,1.82,0,1.82,43,72185,131903
2026-03-25,Ethereum,0.0181,0,0.0181,2.9,0,2.9,21,1842,131903
2026-03-25,Polygon,0.1223,0,0.1223,13.49,0,13.49,110,72426,131903
2026-03-24,Avalanche,0.0035,0,0.0035,1.82,0,1.82,8,72142,131760
2026-03-24,Ethereum,0.0329,0,0.0329,2.88,0,2.88,22,1821,131760
2026-03-24,Polygon,0.1413,0,0.1413,13.37,0,13.37,126,72316,131760
2026-03-23,Avalanche,0.0041,0,0.0041,1.81,0,1.81,5,72134,131614
2026-03-23,Ethereum,0.0388,0,0.0388,2.84,0,2.84,14,1799,131614
2026-03-23,Polygon,0.0991,0,0.0991,13.23,0,13.23,116,72190,131614
2026-03-22,Avalanche,0.0016,0,0.0016,1.81,0,1.81,6,72129,131490
2026-03-22,Ethereum,0.0133,0,0.0133,2.81,0,2.81,22,1785,131490
2026-03-22,Polygon,0.108,0,0.108,13.13,0,13.13,124,72074,131490
2026-03-21,Avalanche,0.0011,0,0.0011,1.81,0,1.81,3,72123,131346
2026-03-21,Ethereum,0.0085,0,0.0085,2.79,0,2.79,7,1763,131346
2026-03-21,Polygon,0.0752,0,0.0752,13.02,0,13.02,105,71950,131346
2026-03-20,Avalanche,0.0078,0,0.0078,1.81,0,1.81,14,72120,131237
2026-03-20,Ethereum,0.0284,0,0.0284,2.78,0,2.78,11,1756,131237
2026-03-20,Polygon,0.083,0,0.083,12.95,0,12.95,125,71845,131237
2026-03-19,Avalanche,0.0015,0,0.0015,1.8,0,1.8,9,72106,131100
2026-03-19,Ethereum,0.0707,0,0.0707,2.76,0,2.76,21,1745,131100
2026-03-19,Polygon,0.1111,0,0.1111,12.87,0,12.87,179,71720,131100
2026-03-18,Avalanche,0.0134,0,0.0134,1.8,0,1.8,72,72097,130892
2026-03-18,Ethereum,0.0304,0,0.0304,2.68,0,2.68,13,1724,130892
2026-03-18,Polygon,0.1256,0,0.1256,12.75,0,12.75,145,71541,130892
2026-03-17,Avalanche,0.0025,0,0.0025,1.78,0,1.78,7,72025,130702
2026-03-17,Ethereum,0.0247,0,0.0247,2.65,0,2.65,22,1711,130702
2026-03-17,Polygon,0.1388,0,0.1388,12.63,0,12.63,156,71396,130702
2026-03-16,Avalanche,0.0036,0,0.0036,1.78,0,1.78,14,72018,130522
2026-03-16,Ethereum,0.038,0,0.038,2.63,0,2.63,21,1689,130522
2026-03-16,Polygon,0.1225,0,0.1225,12.49,0,12.49,132,71240,130522
2026-03-15,Avalanche,0.0049,0,0.0049,1.78,0,1.78,3,72004,130367
2026-03-15,Ethereum,0.0058,0,0.0058,2.59,0,2.59,15,1668,130367
2026-03-15,Polygon,0.0907,0,0.0907,12.37,0,12.37,110,71108,130367
2026-03-14,Avalanche,0.0108,0,0.0108,1.77,0,1.77,8,72001,130244
2026-03-14,Ethereum,0.0186,0,0.0186,2.59,0,2.59,12,1653,130244
2026-03-14,Polygon,0.0609,0,0.0609,12.28,0,12.28,127,70998,130244
2026-03-13,Avalanche,0.0218,0,0.0218,1.76,0,1.76,24,71993,130105
2026-03-13,Ethereum,0.019,0,0.019,2.57,0,2.57,27,1641,130105
2026-03-13,Polygon,0.1677,0,0.1677,12.22,0,12.22,230,70871,130105
2026-03-12,Avalanche,0.0023,0,0.0023,1.74,0,1.74,4,71969,129838
2026-03-12,Ethereum,0.0072,0,0.0072,2.55,0,2.55,14,1614,129838
2026-03-12,Polygon,0.0604,0,0.0604,12.05,0,12.05,106,70641,129838
2026-03-11,Avalanche,0.0063,0,0.0063,1.74,0,1.74,43,71965,129722
2026-03-11,Ethereum,0.0142,0,0.0142,2.54,0,2.54,15,1600,129722
2026-03-11,Polygon,0.1085,0,0.1085,11.99,0,11.99,129,70535,129722
2026-03-10,Avalanche,0.0044,0,0.0044,1.73,0,1.73,4,71922,129559
2026-03-10,Ethereum,0.0087,0,0.0087,2.53,0,2.53,17,1585,129559
2026-03-10,Polygon,0.1434,0,0.1434,11.88,0,11.88,188,70406,129559
2026-03-09,Avalanche,0.0084,0,0.0084,1.73,0,1.73,7,71918,129358
2026-03-09,Ethereum,0.0155,0,0.0155,2.52,0,2.52,18,1568,129358
2026-03-09,Polygon,0.141,0,0.141,11.74,0,11.74,260,70218,129358
2026-03-08,Avalanche,0.0138,0,0.0138,1.72,0,1.72,0,71911,129075
2026-03-08,Ethereum,0.0045,0,0.0045,2.5,0,2.5,8,1550,129075
2026-03-08,Polygon,0.1023,0,0.1023,11.59,0,11.59,85,69958,129075
2026-03-07,Avalanche,0.0003,0,0.0003,1.71,0,1.71,5,71911,128984
2026-03-07,Ethereum,0.0269,0,0.0269,2.5,0,2.5,7,1542,128984
2026-03-07,Polygon,0.0689,0,0.0689,11.49,0,11.49,136,69873,128984
2026-03-06,Avalanche,0.0112,0,0.0112,1.7,0,1.7,9,71906,128844
2026-03-06,Ethereum,0.0056,0,0.0056,2.47,0,2.47,23,1535,128844
2026-03-06,Polygon,0.1385,0,0.1385,11.42,0,11.42,114,69737,128844
2026-03-05,Avalanche,0.0055,0,0.0055,1.69,0,1.69,7,71897,128710
2026-03-05,Ethereum,0.0255,0,0.0255,2.47,0,2.47,39,1512,128710
2026-03-05,Polygon,0.11,0,0.11,11.29,0,11.29,129,69623,128710
2026-03-04,Avalanche,0.0143,0,0.0143,1.69,0,1.69,127,71890,128559
2026-03-04,Ethereum,0.0189,0,0.0189,2.44,0,2.44,11,1473,128559
2026-03-04,Polygon,0.1361,0,0.1361,11.18,0,11.18,112,69494,128559
2026-03-03,Avalanche,0.0057,0,0.0057,1.67,0,1.67,15,71763,128347
2026-03-03,Ethereum,0.0381,0,0.0381,2.42,0,2.42,22,1462,128347
2026-03-03,Polygon,0.1372,0,0.1372,11.04,0,11.04,115,69382,128347
2026-03-02,Avalanche,0.019,0,0.019,1.67,0,1.67,15,71748,128209
2026-03-02,Ethereum,0.0533,0,0.0533,2.38,0,2.38,14,1440,128209
2026-03-02,Polygon,0.1308,0,0.1308,10.9,0,10.9,177,69267,128209
2026-03-01,Avalanche,0.0044,0,0.0044,1.65,0,1.65,5,71733,128009
2026-03-01,Ethereum,0.006,0,0.006,2.33,0,2.33,9,1426,128009
2026-03-01,Polygon,0.1114,0,0.1114,10.77,0,10.77,124,69090,128009
2026-02-28,Avalanche,0.0025,0,0.0025,1.64,0,1.64,4,71728,127877
2026-02-28,Ethereum,0.0172,0,0.0172,2.32,0,2.32,14,1417,127877
2026-02-28,Polygon,0.093,0,0.093,10.66,0,10.66,148,68966,127877
2026-02-27,Avalanche,0.0022,0,0.0022,1.64,0,1.64,5,71724,127715
2026-02-27,Ethereum,0.0043,0,0.0043,2.31,0,2.31,17,1403,127715
2026-02-27,Polygon,0.1054,0,0.1054,10.57,0,10.57,159,68818,127715
2026-02-26,Avalanche,0.0025,0,0.0025,1.64,0,1.64,6,71719,127547
2026-02-26,Ethereum,0.0141,0,0.0141,2.3,0,2.3,12,1386,127547
2026-02-26,Polygon,0.114,0,0.114,10.46,0,10.46,170,68659,127547
2026-02-25,Avalanche,0.0086,0,0.0086,1.64,0,1.64,83,71713,127368
2026-02-25,Ethereum,0.0172,0,0.0172,2.29,0,2.29,19,1374,127368
2026-02-25,Polygon,0.185,0,0.185,10.35,0,10.35,195,68489,127368
2026-02-24,Avalanche,0.0005,0,0.0005,1.63,0,1.63,4,71630,127114
2026-02-24,Ethereum,0.0479,0,0.0479,2.27,0,2.27,15,1355,127114
2026-02-24,Polygon,0.1378,0,0.1378,10.16,0,10.16,130,68294,127114
2026-02-23,Avalanche,0.0002,0,0.0002,1.63,0,1.63,1,71626,126975
2026-02-23,Ethereum,0.0103,0,0.0103,2.22,0,2.22,7,1340,126975
2026-02-23,Polygon,0.1065,0,0.1065,10.02,0,10.02,132,68164,126975
2026-02-22,Avalanche,0.0067,0,0.0067,1.63,0,1.63,12,71625,126838
2026-02-22,Ethereum,0.015,0,0.015,2.21,0,2.21,8,1333,126838
2026-02-22,Polygon,0.0834,0,0.0834,9.92,0,9.92,109,68032,126838
2026-02-21,Avalanche,0.0005,0,0.0005,1.62,0,1.62,0,71613,126713
2026-02-21,Ethereum,0.0162,0,0.0162,2.2,0,2.2,10,1325,126713
2026-02-21,Polygon,0.0578,0,0.0578,9.83,0,9.83,111,67923,126713
2026-02-20,Avalanche,0.0028,0,0.0028,1.62,0,1.62,5,71613,126597
2026-02-20,Ethereum,0.0045,0,0.0045,2.18,0,2.18,4,1315,126597
2026-02-20,Polygon,0.1318,0,0.1318,9.78,0,9.78,160,67812,126597
2026-02-19,Avalanche,0.0014,0,0.0014,1.62,0,1.62,9,71608,126435
2026-02-19,Ethereum,0.0174,0,0.0174,2.18,0,2.18,12,1311,126435
2026-02-19,Polygon,0.0735,0,0.0735,9.64,0,9.64,97,67652,126435
2026-02-18,Avalanche,0.0001,0,0.0001,1.62,0,1.62,96,71599,126323
2026-02-18,Ethereum,0.0177,0,0.0177,2.16,0,2.16,12,1299,126323
2026-02-18,Polygon,0.0928,0,0.0928,9.57,0,9.57,181,67555,126323
2026-02-17,Avalanche,0.0005,0,0.0005,1.62,0,1.62,1,71503,126095
2026-02-17,Ethereum,0.0112,0,0.0112,2.14,0,2.14,9,1287,126095
2026-02-17,Polygon,0.0996,0,0.0996,9.48,0,9.48,204,67374,126095
2026-02-16,Avalanche,0.004,0,0.004,1.62,0,1.62,8,71502,125885
2026-02-16,Ethereum,0.0128,0,0.0128,2.13,0,2.13,8,1278,125885
2026-02-16,Polygon,0.1602,0,0.1602,9.38,0,9.38,149,67170,125885
2026-02-15,Avalanche,0,0,0,1.61,0,1.61,5,71494,125728
2026-02-15,Ethereum,0.0112,0,0.0112,2.12,0,2.12,8,1270,125728
2026-02-15,Polygon,0.0943,0,0.0943,9.22,0,9.22,128,67021,125728
2026-02-14,Avalanche,0.0017,0,0.0017,1.61,0,1.61,4,71489,125592
2026-02-14,Ethereum,0.003,0,0.003,2.11,0,2.11,8,1262,125592
2026-02-14,Polygon,0.0782,0,0.0782,9.12,0,9.12,136,66893,125592
2026-02-13,Avalanche,0.0271,0,0.0271,1.61,0,1.61,25,71485,125451
2026-02-13,Ethereum,0.0196,0,0.0196,2.1,0,2.1,9,1254,125451
2026-02-13,Polygon,0.1242,0,0.1242,9.05,0,9.05,492,66757,125451
2026-02-12,Avalanche,0.0024,0,0.0024,1.58,0,1.58,102,71460,124940
2026-02-12,Ethereum,0.028,0,0.028,2.08,0,2.08,11,1245,124940
2026-02-12,Polygon,0.1431,0,0.1431,8.92,0,8.92,167,66265,124940
2026-02-11,Avalanche,0.0043,0,0.0043,1.58,0,1.58,4,71358,124719
2026-02-11,Ethereum,0.0331,0,0.0331,2.06,0,2.06,9,1234,124719
2026-02-11,Polygon,0.0967,0,0.0967,8.78,0,8.78,183,66098,124719
2026-02-10,Avalanche,0.0109,0,0.0109,1.58,0,1.58,7,71354,124530
2026-02-10,Ethereum,0.0333,0,0.0333,2.02,0,2.02,11,1225,124530
2026-02-10,Polygon,0.1176,0,0.1176,8.68,0,8.68,200,65915,124530
2026-02-09,Avalanche,0.0137,0,0.0137,1.57,0,1.57,1,71347,124319
2026-02-09,Ethereum,0.0039,0,0.0039,1.99,0,1.99,16,1214,124319
2026-02-09,Polygon,0.134,0,0.134,8.56,0,8.56,121,65715,124319
2026-02-08,Avalanche,0.0041,0,0.0041,1.55,0,1.55,6,71346,124195
2026-02-08,Ethereum,0.0038,0,0.0038,1.99,0,1.99,13,1198,124195
2026-02-08,Polygon,0.0769,0,0.0769,8.43,0,8.43,111,65594,124195
2026-02-07,Avalanche,0.0019,0,0.0019,1.55,0,1.55,5,71340,124073
2026-02-07,Ethereum,0.0185,0,0.0185,1.98,0,1.98,12,1185,124073
2026-02-07,Polygon,0.0572,0,0.0572,8.35,0,8.35,327,65483,124073
2026-02-06,Avalanche,0.0132,0,0.0132,1.55,0,1.55,3,71335,123742
2026-02-06,Ethereum,0.0623,0,0.0623,1.96,0,1.96,13,1173,123742
2026-02-06,Polygon,0.2008,0,0.2008,8.3,0,8.3,175,65156,123742
2026-02-05,Avalanche,0.0062,0,0.0062,1.53,0,1.53,8,71332,123564
2026-02-05,Ethereum,0.0416,0,0.0416,1.9,0,1.9,19,1160,123564
2026-02-05,Polygon,0.1347,0,0.1347,8.1,0,8.1,139,64981,123564
2026-02-04,Avalanche,0.0246,0,0.0246,1.53,0,1.53,101,71324,123420
2026-02-04,Ethereum,0.0593,0,0.0593,1.86,0,1.86,22,1141,123420
2026-02-04,Polygon,0.1478,0,0.1478,7.96,0,7.96,126,64842,123420
2026-02-03,Avalanche,0.0061,0,0.0061,1.5,0,1.5,3,71223,123207
2026-02-03,Ethereum,0.0514,0,0.0514,1.8,0,1.8,33,1119,123207
2026-02-03,Polygon,0.1614,0,0.1614,7.81,0,7.81,184,64716,123207
2026-02-02,Avalanche,0.0033,0,0.0033,1.5,0,1.5,4,71220,123000
2026-02-02,Ethereum,0.0447,0,0.0447,1.75,0,1.75,11,1086,123000
2026-02-02,Polygon,0.1064,0,0.1064,7.65,0,7.65,271,64532,123000
2026-02-01,Avalanche,0.003,0,0.003,1.49,0,1.49,5,71216,122728
2026-02-01,Ethereum,0.0347,0,0.0347,1.7,0,1.7,8,1075,122728
2026-02-01,Polygon,0.1111,0,0.1111,7.55,0,7.55,169,64261,122728
2026-01-31,Avalanche,0.0032,0,0.0032,1.49,0,1.49,7,71211,122554
2026-01-31,Ethereum,0.0058,0,0.0058,1.67,0,1.67,15,1067,122554
2026-01-31,Polygon,0.112,0,0.112,7.43,0,7.43,273,64092,122554
2026-01-30,Avalanche,0.0196,0,0.0196,1.49,0,1.49,2,71204,122272
2026-01-30,Ethereum,0.0474,0,0.0474,1.66,0,1.66,11,1052,122272
2026-01-30,Polygon,0.1273,0,0.1273,7.32,0,7.32,216,63819,122272
2026-01-29,Avalanche,0.0115,0,0.0115,1.47,0,1.47,10,71202,122058
2026-01-29,Ethereum,0.0757,0,0.0757,1.62,0,1.62,5,1041,122058
2026-01-29,Polygon,0.1107,0,0.1107,7.19,0,7.19,271,63603,122058
2026-01-28,Avalanche,0.0132,0,0.0132,1.46,0,1.46,168,71192,121794
2026-01-28,Ethereum,0.0251,0,0.0251,1.54,0,1.54,11,1036,121794
2026-01-28,Polygon,0.1381,0,0.1381,7.08,0,7.08,199,63332,121794
2026-01-27,Avalanche,0.0092,0,0.0092,1.44,0,1.44,9,71024,121473
2026-01-27,Ethereum,0.0575,0,0.0575,1.52,0,1.52,17,1025,121473
2026-01-27,Polygon,0.106,0,0.106,6.95,0,6.95,140,63133,121473
2026-01-26,Avalanche,0.0196,0,0.0196,1.43,0,1.43,10,71015,121318
2026-01-26,Ethereum,0.0277,0,0.0277,1.46,0,1.46,18,1008,121318
2026-01-26,Polygon,0.1212,0,0.1212,6.84,0,6.84,134,62993,121318
2026-01-25,Avalanche,0.007,0,0.007,1.41,0,1.41,12,71005,121166
2026-01-25,Ethereum,0.0444,0,0.0444,1.43,0,1.43,15,990,121166
2026-01-25,Polygon,0.1058,0,0.1058,6.72,0,6.72,174,62859,121166
2026-01-24,Avalanche,0.006,0,0.006,1.41,0,1.41,10,70993,120978
2026-01-24,Ethereum,0.0093,0,0.0093,1.39,0,1.39,9,975,120978
2026-01-24,Polygon,0.1089,0,0.1089,6.61,0,6.61,184,62685,120978
2026-01-23,Avalanche,0.0012,0,0.0012,1.4,0,1.4,9,70983,120782
2026-01-23,Ethereum,0.0388,0,0.0388,1.38,0,1.38,11,966,120782
2026-01-23,Polygon,0.1233,0,0.1233,6.5,0,6.5,242,62501,120782
2026-01-22,Avalanche,0.0361,0,0.0361,1.4,0,1.4,10,70974,120531
2026-01-22,Ethereum,0.0377,0,0.0377,1.34,0,1.34,11,955,120531
2026-01-22,Polygon,0.1026,0,0.1026,6.38,0,6.38,119,62259,120531
2026-01-21,Avalanche,0.0044,0,0.0044,1.36,0,1.36,115,70964,120397
2026-01-21,Ethereum,0.0216,0,0.0216,1.3,0,1.3,13,944,120397
2026-01-21,Polygon,0.118,0,0.118,6.28,0,6.28,143,62140,120397
2026-01-20,Avalanche,0.0151,0,0.0151,1.36,0,1.36,5,70849,120171
2026-01-20,Ethereum,0.0318,0,0.0318,1.28,0,1.28,16,931,120171
2026-01-20,Polygon,0.0836,0,0.0836,6.16,0,6.16,140,61997,120171
2026-01-19,Avalanche,0.0118,0,0.0118,1.34,0,1.34,12,70844,120018
2026-01-19,Ethereum,0.0171,0,0.0171,1.25,0,1.25,18,915,120018
2026-01-19,Polygon,0.1228,0,0.1228,6.08,0,6.08,216,61857,120018
2026-01-18,Avalanche,0.0035,0,0.0035,1.33,0,1.33,10,70832,119786
2026-01-18,Ethereum,0.0315,0,0.0315,1.23,0,1.23,9,897,119786
2026-01-18,Polygon,0.0572,0,0.0572,5.95,0,5.95,81,61641,119786
2026-01-17,Avalanche,0.0062,0,0.0062,1.33,0,1.33,9,70822,119695
2026-01-17,Ethereum,0.0469,0,0.0469,1.2,0,1.2,10,888,119695
2026-01-17,Polygon,0.0893,0,0.0893,5.9,0,5.9,126,61560,119695
2026-01-16,Avalanche,0.0069,0,0.0069,1.32,0,1.32,30,70813,119556
2026-01-16,Ethereum,0.0267,0,0.0267,1.15,0,1.15,15,878,119556
2026-01-16,Polygon,0.1363,0,0.1363,5.81,0,5.81,127,61434,119556
2026-01-15,Avalanche,0.0005,0,0.0005,1.32,0,1.32,5,70783,119397
2026-01-15,Ethereum,0.0048,0,0.0048,1.12,0,1.12,21,863,119397
2026-01-15,Polygon,0.1623,0,0.1623,5.67,0,5.67,701,61307,119397
2026-01-14,Avalanche,0.008,0,0.008,1.32,0,1.32,152,70778,118685
2026-01-14,Ethereum,0.0386,0,0.0386,1.12,0,1.12,17,842,118685
2026-01-14,Polygon,0.1273,0,0.1273,5.51,0,5.51,117,60606,118685
2026-01-13,Avalanche,0.0099,0,0.0099,1.31,0,1.31,8,70626,118455
2026-01-13,Ethereum,0.0461,0,0.0461,1.08,0,1.08,19,825,118455
2026-01-13,Polygon,0.1097,0,0.1097,5.38,0,5.38,152,60489,118455
2026-01-12,Avalanche,0.0119,0,0.0119,1.3,0,1.3,7,70618,118287
2026-01-12,Ethereum,0.0106,0,0.0106,1.04,0,1.04,25,806,118287
2026-01-12,Polygon,0.0756,0,0.0756,5.27,0,5.27,114,60337,118287
2026-01-11,Avalanche,0.0002,0,0.0002,1.29,0,1.29,13,70611,118153
2026-01-11,Ethereum,0.0135,0,0.0135,1.02,0,1.02,7,781,118153
2026-01-11,Polygon,0.0426,0,0.0426,5.2,0,5.2,146,60223,118153
2026-01-10,Avalanche,0.0017,0,0.0017,1.29,0,1.29,15,70598,117998
2026-01-10,Ethereum,0.013,0,0.013,1.01,0,1.01,6,774,117998
2026-01-10,Polygon,0.0357,0,0.0357,5.15,0,5.15,109,60077,117998
2026-01-09,Avalanche,0.0183,0,0.0183,1.28,0,1.28,7,70583,117874
2026-01-09,Ethereum,0.0311,0,0.0311,1,0,1,15,768,117874
2026-01-09,Polygon,0.0923,0,0.0923,5.12,0,5.12,111,59968,117874
2026-01-08,Avalanche,0.0103,0,0.0103,1.27,0,1.27,4,70576,117749
2026-01-08,Ethereum,0.0043,0,0.0043,0.97,0,0.97,14,753,117749
2026-01-08,Polygon,0.1533,0,0.1533,5.03,0,5.03,158,59857,117749
2026-01-07,Avalanche,0.0041,0,0.0041,1.25,0,1.25,175,70572,117582
2026-01-07,Ethereum,0.0037,0,0.0037,0.96,0,0.96,11,739,117582
2026-01-07,Polygon,0.106,0,0.106,4.87,0,4.87,129,59699,117582
2026-01-06,Avalanche,0.0116,0,0.0116,1.25,0,1.25,8,70397,117340
2026-01-06,Ethereum,0.0124,0,0.0124,0.96,0,0.96,12,728,117340
2026-01-06,Polygon,0.1221,0,0.1221,4.77,0,4.77,138,59570,117340
2026-01-05,Avalanche,0.0071,0,0.0071,1.24,0,1.24,21,70389,117185
2026-01-05,Ethereum,0.017,0,0.017,0.95,0,0.95,16,716,117185
2026-01-05,Polygon,0.0808,0,0.0808,4.64,0,4.64,151,59432,117185
2026-01-04,Avalanche,0.002,0,0.002,1.23,0,1.23,7,70368,117011
2026-01-04,Ethereum,0.0013,0,0.0013,0.93,0,0.93,4,700,117011
2026-01-04,Polygon,0.0431,0,0.0431,4.56,0,4.56,97,59281,117011
2026-01-03,Avalanche,0.0003,0,0.0003,1.23,0,1.23,5,70361,116906
2026-01-03,Ethereum,0.0023,0,0.0023,0.93,0,0.93,7,696,116906
2026-01-03,Polygon,0.0539,0,0.0539,4.52,0,4.52,74,59184,116906
2026-01-02,Avalanche,0.0005,0,0.0005,1.23,0,1.23,6,70356,116826
2026-01-02,Ethereum,0.0057,0,0.0057,0.93,0,0.93,7,689,116826
2026-01-02,Polygon,0.0305,0,0.0305,4.47,0,4.47,79,59110,116826
2026-01-01,Avalanche,0.005,0,0.005,1.23,0,1.23,3,70350,116739
2026-01-01,Ethereum,0.011,0,0.011,0.92,0,0.92,11,682,116739
2026-01-01,Polygon,0.0307,0,0.0307,4.44,0,4.44,68,59031,116739
2025-12-31,Avalanche,0.0027,0,0.0027,1.22,0,1.22,11,70347,116664
2025-12-31,Ethereum,0.0045,0,0.0045,0.91,0,0.91,13,671,116664
2025-12-31,Polygon,0.0903,0,0.0903,4.4,0,4.4,70,58963,116664
2025-12-30,Avalanche,0.0105,0,0.0105,1.22,0,1.22,5,70336,116580
2025-12-30,Ethereum,0.0041,0,0.0041,0.91,0,0.91,8,658,116580
2025-12-30,Polygon,0.028,0,0.028,4.31,0,4.31,125,58893,116580
2025-12-29,Avalanche,0.0244,0,0.0244,1.21,0,1.21,8,70331,116448
2025-12-29,Ethereum,0.0015,0,0.0015,0.9,0,0.9,11,650,116448
2025-12-29,Polygon,0.0714,0,0.0714,4.29,0,4.29,113,58768,116448
2025-12-28,Avalanche,0.0014,0,0.0014,1.19,0,1.19,4,70323,116327
2025-12-28,Ethereum,0.0165,0,0.0165,0.9,0,0.9,14,639,116327
2025-12-28,Polygon,0.0532,0,0.0532,4.22,0,4.21,123,58655,116327
2025-12-27,Avalanche,0.0061,0,0.0061,1.19,0,1.19,11,70319,116190
2025-12-27,Ethereum,0.0136,0,0.0136,0.88,0,0.88,8,625,116190
2025-12-27,Polygon,0.035,0,0.035,4.16,0,4.16,124,58532,116190
2025-12-26,Avalanche,0.0036,0,0.0036,1.18,0,1.18,139,70308,116053
2025-12-26,Ethereum,0.0118,0,0.0118,0.87,0,0.87,12,617,116053
2025-12-26,Polygon,0.096,0,0.096,4.13,0,4.13,102,58408,116053
2025-12-25,Avalanche,0.0081,0,0.0081,1.18,0,1.18,12,70169,115882
2025-12-25,Ethereum,0.0222,0,0.0222,0.86,0,0.86,27,605,115882
2025-12-25,Polygon,0.0725,0,0.0725,4.03,0,4.03,141,58306,115882
2025-12-24,Avalanche,0.0142,0,0.0142,1.17,0,1.17,174,70157,115709
2025-12-24,Ethereum,0.0082,0,0.0082,0.84,0,0.84,21,578,115709
2025-12-24,Polygon,0.0431,0,0.0431,3.96,0,3.96,165,58165,115709
2025-12-23,Avalanche,0.0042,0,0.0042,1.15,0,1.15,12,69983,115458
2025-12-23,Ethereum,0.0116,0,0.0116,0.83,0,0.83,14,557,115458
2025-12-23,Polygon,0.0534,0,0.0534,3.92,0,3.92,222,58000,115458
2025-12-22,Avalanche,0.0278,0,0.0278,1.15,0,1.15,14,69971,115219
2025-12-22,Ethereum,0.0201,0,0.0201,0.82,0,0.82,6,543,115219
2025-12-22,Polygon,0.0466,0,0.0466,3.86,0,3.86,96,57778,115219
2025-12-21,Avalanche,0.0019,0,0.0019,1.12,0,1.12,11,69957,115112
2025-12-21,Ethereum,0.0026,0,0.0026,0.8,0,0.8,13,537,115112
2025-12-21,Polygon,0.0677,0,0.0677,3.82,0,3.82,110,57682,115112
2025-12-20,Avalanche,0.0141,0,0.0141,1.12,0,1.12,8,69946,114983
2025-12-20,Ethereum,0.0203,0,0.0203,0.79,0,0.79,1,524,114983
2025-12-20,Polygon,0.0239,0,0.0239,3.75,0,3.75,94,57572,114983
2025-12-19,Avalanche,0.0347,0,0.0347,1.11,0,1.11,13,69938,114887
2025-12-19,Ethereum,0.001,0,0.001,0.77,0,0.77,8,523,114887
2025-12-19,Polygon,0.0561,0,0.0561,3.72,0,3.72,133,57478,114887
2025-12-18,Avalanche,0.0155,0,0.0155,1.07,0,1.07,12,69925,114741
2025-12-18,Ethereum,0.0115,0,0.0115,0.77,0,0.77,11,515,114741
2025-12-18,Polygon,0.0488,0,0.0488,3.67,0,3.67,80,57345,114741
2025-12-17,Avalanche,0.0017,0,0.0017,1.06,0,1.06,277,69913,114642
2025-12-17,Ethereum,0.0002,0,0.0002,0.76,0,0.76,5,504,114642
2025-12-17,Polygon,0.0695,0,0.0695,3.62,0,3.62,109,57265,114642
2025-12-16,Avalanche,0.0151,0,0.0151,1.05,0,1.05,7,69636,114438
2025-12-16,Ethereum,0.01,0,0.01,0.76,0,0.76,9,499,114438
2025-12-16,Polygon,0.0649,0,0.0649,3.55,0,3.55,126,57156,114438
2025-12-15,Avalanche,0.0032,0,0.0032,1.04,0,1.04,16,69629,114303
2025-12-15,Ethereum,0.01,0,0.01,0.75,0,0.75,4,490,114303
2025-12-15,Polygon,0.0527,0,0.0527,3.48,0,3.48,117,57030,114303
2025-12-14,Avalanche,0.0099,0,0.0099,1.04,0,1.04,6,69613,114176
2025-12-14,Ethereum,0,0,0,0.74,0,0.74,1,486,114176
2025-12-14,Polygon,0.0485,0,0.0485,3.43,0,3.43,134,56913,114176
2025-12-13,Avalanche,0.0004,0,0.0004,1.03,0,1.03,13,69607,114042
2025-12-13,Ethereum,0.01,0,0.01,0.74,0,0.74,3,485,114042
2025-12-13,Polygon,0.0422,0,0.0422,3.38,0,3.38,68,56779,114042
2025-12-12,Avalanche,0.0386,0,0.0386,1.02,0,1.02,64,69594,113966
2025-12-12,Ethereum,0.02,0,0.02,0.73,0,0.73,3,482,113966
2025-12-12,Polygon,0.0809,0,0.0809,3.34,0,3.34,131,56711,113966
2025-12-11,Avalanche,0.0143,0,0.0143,0.99,0,0.99,11,69530,113802
2025-12-11,Ethereum,0.01,0,0.01,0.71,0,0.71,1,479,113802
2025-12-11,Polygon,0.0743,0.0001,0.0743,3.26,0,3.26,148,56580,113802
2025-12-10,Avalanche,0.0297,0,0.0297,0.97,0,0.97,367,69519,113644
2025-12-10,Ethereum,0.03,0,0.03,0.7,0,0.7,9,478,113644
2025-12-10,Polygon,0.073,0,0.073,3.19,0,3.19,89,56432,113644
2025-12-09,Avalanche,0.027,0,0.027,0.94,0,0.94,9,69152,113499
2025-12-09,Ethereum,0.03,0,0.03,0.67,0,0.67,7,469,113499
2025-12-09,Polygon,0.0611,0,0.0611,3.11,0,3.11,108,56343,113499
2025-12-08,Avalanche,0.0507,0,0.0507,0.92,0,0.92,25,69143,113386
2025-12-08,Ethereum,0.03,0,0.03,0.64,0,0.64,4,462,113386
2025-12-08,Polygon,0.0617,0,0.0617,3.05,0,3.05,114,56235,113386
2025-12-07,Avalanche,0.0171,0,0.0171,0.86,0,0.86,12,69118,113251
2025-12-07,Ethereum,0.02,0,0.02,0.61,0,0.61,5,458,113251
2025-12-07,Polygon,0.0337,0,0.0337,2.99,0,2.99,100,56121,113251
2025-12-06,Avalanche,0.0206,0,0.0206,0.85,0,0.85,12,69106,113143
2025-12-06,Ethereum,0,0,0,0.59,0,0.59,0,453,113143
2025-12-06,Polygon,0.0371,0,0.0371,2.96,0,2.96,135,56021,113143
2025-12-05,Avalanche,0.029,0,0.029,0.83,0,0.83,29733,69094,113003
2025-12-05,Ethereum,0.02,0,0.02,0.59,0,0.59,0,453,113003
2025-12-05,Polygon,0.0837,0,0.0837,2.92,0,2.92,146,55886,113003
2025-12-04,Avalanche,0.0222,0,0.0222,0.8,0,0.8,17,39361,83150
2025-12-04,Ethereum,0.03,0,0.03,0.57,0,0.57,2,453,83150
2025-12-04,Polygon,0.0632,0,0.0632,2.84,0,2.84,152,55740,83150
2025-12-03,Avalanche,0.0132,0,0.0132,0.78,0,0.78,941,39344,82990
2025-12-03,Ethereum,0.01,0,0.01,0.54,0,0.54,19,451,82990
2025-12-03,Polygon,0.0444,0,0.0444,2.77,0,2.77,99,55588,82990
2025-12-02,Avalanche,0.0229,0,0.0229,0.76,0,0.76,20,38403,82823
2025-12-02,Ethereum,0.03,0,0.03,0.53,0,0.53,12,432,82823
2025-12-02,Polygon,0.1099,0,0.1099,2.73,0,2.73,129,55489,82823
2025-12-01,Avalanche,0.0227,0,0.0227,0.74,0,0.74,25,38383,82675
2025-12-01,Ethereum,0.01,0,0.01,0.5,0,0.5,6,420,82675
2025-12-01,Polygon,0.0919,0,0.0919,2.62,0,2.62,180,55360,82675
2025-11-30,Avalanche,0.0063,0,0.0063,0.72,0,0.72,11,38358,82470
2025-11-30,Ethereum,0,0,0,0.49,0,0.49,3,414,82470
2025-11-30,Polygon,0.072,0,0.072,2.53,0,2.53,140,55180,82470
2025-11-29,Avalanche,0.0027,0,0.0027,0.71,0,0.71,16,38347,82324
2025-11-29,Ethereum,0,0,0,0.49,0,0.49,0,411,82324
2025-11-29,Polygon,0.0871,0,0.0871,2.45,0,2.45,110,55040,82324
2025-11-28,Avalanche,0.0132,0,0.0132,0.71,0,0.71,26587,38331,82207
2025-11-28,Ethereum,0,0,0,0.49,0,0.49,5,411,82207
2025-11-28,Polygon,0.1123,0,0.1123,2.37,0,2.37,118,54930,82207
2025-11-27,Avalanche,0.0138,0,0.0138,0.69,0,0.69,12,11744,55562
2025-11-27,Ethereum,0.01,0,0.01,0.49,0,0.49,9,406,55562
2025-11-27,Polygon,0.0679,0,0.0679,2.25,0,2.25,95,54812,55562
2025-11-26,Avalanche,0.0234,0,0.0234,0.68,0,0.68,11167,11732,55457
2025-11-26,Ethereum,0.01,0,0.01,0.48,0,0.48,5,397,55457
2025-11-26,Polygon,0.0607,0,0.0607,2.19,0,2.19,156,54717,55457
2025-11-25,Avalanche,0.0254,0,0.0254,0.66,0,0.66,17,565,55213
2025-11-25,Ethereum,0,0,0,0.47,0,0.47,2,392,55213
2025-11-25,Polygon,0.0648,0,0.0648,2.13,0,2.13,125,54561,55213
2025-11-24,Avalanche,0.0074,0,0.0074,0.63,0,0.63,10,548,55075
2025-11-24,Ethereum,0.01,0,0.01,0.47,0,0.47,3,390,55075
2025-11-24,Polygon,0.0369,0,0.0369,2.06,0,2.06,106,54436,55075
2025-11-23,Avalanche,0.0132,0,0.0132,0.62,0,0.62,5,538,54961
2025-11-23,Ethereum,0,0,0,0.46,0,0.46,1,387,54961
2025-11-23,Polygon,0.0269,0,0.0269,2.02,0,2.02,151,54330,54961
2025-11-22,Avalanche,0.0028,0,0.0028,0.61,0,0.61,3,533,54807
2025-11-22,Ethereum,0,0,0,0.46,0,0.46,6,386,54807
2025-11-22,Polygon,0.0472,0,0.0472,2,0,2,56,54179,54807
2025-11-21,Avalanche,0.0144,0,0.0144,0.61,0,0.61,18,530,54745
2025-11-21,Ethereum,0.01,0,0.01,0.46,0,0.46,4,380,54745
2025-11-21,Polygon,0.0989,0,0.0989,1.95,0,1.95,107,54123,54745
2025-11-20,Avalanche,0.0333,0,0.0333,0.59,0,0.59,10,512,54627
2025-11-20,Ethereum,0.02,0,0.02,0.45,0,0.45,6,376,54627
2025-11-20,Polygon,0.0904,0,0.0904,1.85,0,1.85,137,54016,54627
2025-11-19,Avalanche,0.0076,0,0.0076,0.56,0,0.56,6,502,54477
2025-11-19,Ethereum,0.01,0,0.01,0.43,0,0.43,1,370,54477
2025-11-19,Polygon,0.0741,0,0.0741,1.76,0,1.76,22926,53879,54477
2025-11-18,Avalanche,0.0279,0,0.0279,0.55,0,0.55,12,496,31557
2025-11-18,Ethereum,0,0,0,0.42,0,0.42,3,369,31557
2025-11-18,Polygon,0.0677,0,0.0677,1.69,0,1.69,105,30953,31557
2025-11-17,Avalanche,0.008,0,0.008,0.53,0,0.53,22,484,31440
2025-11-17,Ethereum,0.01,0,0.01,0.42,0,0.42,4,366,31440
2025-11-17,Polygon,0.1069,0,0.1069,1.62,0,1.62,109,30848,31440
2025-11-16,Avalanche,0.0073,0,0.0073,0.52,0,0.52,7,462,31313
2025-11-16,Ethereum,0.01,0,0.01,0.41,0,0.41,8,362,31313
2025-11-16,Polygon,0.0606,0,0.0606,1.51,0,1.51,122,30739,31313
2025-11-15,Avalanche,0.0105,0,0.0105,0.51,0,0.51,8,455,31178
2025-11-15,Ethereum,0,0,0,0.4,0,0.4,7,354,31178
2025-11-15,Polygon,0.0587,0,0.0587,1.45,0,1.45,145,30617,31178
2025-11-14,Avalanche,0.0071,0,0.0071,0.5,0,0.5,18,447,31025
2025-11-14,Ethereum,0,0,0,0.4,0,0.4,8,347,31025
2025-11-14,Polygon,0.1045,0,0.1045,1.39,0,1.39,155,30472,31025
2025-11-13,Avalanche,0.0312,0,0.0312,0.49,0,0.49,29,429,30850
2025-11-13,Ethereum,0,0,0,0.4,0,0.4,8,339,30850
2025-11-13,Polygon,0.0507,0,0.0507,1.29,0,1.29,194,30317,30850
2025-11-12,Avalanche,0.0467,0,0.0467,0.46,0,0.46,19,400,30632
2025-11-12,Ethereum,0,0,0,0.4,0,0.4,8,331,30632
2025-11-12,Polygon,0.042,0,0.042,1.24,0,1.24,26640,30123,30632
2025-11-11,Avalanche,0.0273,0,0.0273,0.41,0,0.41,17,381,3974
2025-11-11,Ethereum,0.02,0,0.02,0.4,0,0.4,6,323,3974
2025-11-11,Polygon,0.0741,0,0.0741,1.2,0,1.2,105,3483,3974
2025-11-10,Avalanche,0.0038,0,0.0038,0.39,0,0.39,19,364,3852
2025-11-10,Ethereum,0.01,0,0.01,0.38,0,0.38,10,317,3852
2025-11-10,Polygon,0.0625,0,0.0625,1.12,0,1.12,105,3378,3852
2025-11-09,Avalanche,0.0139,0,0.0139,0.38,0,0.38,8,345,3733
2025-11-09,Ethereum,0,0,0,0.37,0,0.37,8,307,3733
2025-11-09,Polygon,0.073,0,0.073,1.06,0,1.06,108,3273,3733
2025-11-08,Avalanche,0.0056,0,0.0056,0.37,0,0.37,15,337,3619
2025-11-08,Ethereum,0,0,0,0.37,0,0.37,6,299,3619
2025-11-08,Polygon,0.0245,0,0.0245,0.99,0,0.99,79,3165,3619
2025-11-07,Avalanche,0.0043,0,0.0043,0.36,0,0.36,20,322,3521
2025-11-07,Ethereum,0.01,0,0.01,0.37,0,0.37,22,293,3521
2025-11-07,Polygon,0.0972,0,0.0972,0.96,0,0.96,144,3086,3521
2025-11-06,Avalanche,0.0025,0,0.0025,0.36,0,0.36,30,302,3355
2025-11-06,Ethereum,0.02,0,0.02,0.36,0,0.36,9,271,3355
2025-11-06,Polygon,0.0518,0,0.0518,0.86,0,0.86,124,2942,3355
2025-11-05,Avalanche,0.0059,0,0.0059,0.36,0,0.36,12,272,3201
2025-11-05,Ethereum,0,0,0,0.34,0,0.34,10,262,3201
2025-11-05,Polygon,0.0958,0,0.0958,0.81,0,0.81,122,2818,3201
2025-11-04,Avalanche,0.0237,0,0.0237,0.35,0,0.35,14,260,3063
2025-11-04,Ethereum,0.01,0,0.01,0.34,0,0.34,10,252,3063
2025-11-04,Polygon,0.0855,0,0.0855,0.72,0,0.72,129,2696,3063
2025-11-03,Avalanche,0.0187,0,0.0187,0.33,0,0.33,20,246,2921
2025-11-03,Ethereum,0.04,0,0.04,0.33,0,0.33,18,242,2921
2025-11-03,Polygon,0.0839,0,0.0839,0.63,0,0.63,162,2567,2921
2025-11-02,Avalanche,0.037,0,0.037,0.31,0,0.31,18,226,2735
2025-11-02,Ethereum,0.01,0,0.01,0.29,0,0.29,8,224,2735
2025-11-02,Polygon,0.0346,0,0.0346,0.55,0,0.55,163,2405,2735
2025-11-01,Avalanche,0.0208,0,0.0208,0.27,0,0.27,14,208,2555
2025-11-01,Ethereum,0.01,0,0.01,0.28,0,0.28,3,216,2555
2025-11-01,Polygon,0.0538,0,0.0538,0.51,0,0.51,212,2242,2555
2025-10-31,Avalanche,0.0163,0,0.0163,0.25,0,0.25,14,194,2334
2025-10-31,Ethereum,0.02,0,0.02,0.27,0,0.27,21,213,2334
2025-10-31,Polygon,0.0629,0,0.0629,0.46,0,0.46,153,2030,2334
2025-10-30,Avalanche,0.035,0,0.035,0.23,0,0.23,27,180,2157
2025-10-30,Ethereum,0.08,0,0.08,0.25,0,0.25,26,192,2157
2025-10-30,Polygon,0.1309,0,0.1309,0.4,0,0.4,93,1877,2157
2025-10-29,Avalanche,0.0427,0,0.0427,0.2,0,0.2,33,153,2023
2025-10-29,Ethereum,0.04,0,0.04,0.17,0,0.17,36,166,2023
2025-10-29,Polygon,0.0564,0,0.0564,0.27,0,0.27,411,1784,2023
2025-10-28,Avalanche,0.0567,0,0.0567,0.16,0,0.16,57,120,1559
2025-10-28,Ethereum,0.05,0,0.05,0.13,0,0.13,51,130,1559
2025-10-28,Polygon,0.0862,0,0.0862,0.21,0,0.21,439,1373,1559
2025-10-27,Avalanche,0.1004,0,0.1004,0.1,0,0.1,63,63,1035
2025-10-27,Ethereum,0.08,0,0.08,0.08,0,0.08,79,79,1035
2025-10-27,Polygon,0.1226,0,0.1226,0.12,0,0.12,934,934,1035
